Time,Voltage,Temp,SOCmin,SOCmax
3.333844643,1.616592527,-10,46.90082645,85.33057851
10.12196356,1.620898947,-10,46.90082645,85.33057851
16.91106158,1.626619517,-10,46.90082645,85.33057851
24.18579453,1.633758808,-10,46.90082645,85.33057851
30.48827851,1.636646508,-10,46.90082645,85.33057851
35.82145083,1.63952507,-10,46.90082645,85.33057851
35.82145083,1.63952507,-10,46.90082645,85.33057851
40.1853115,1.642394494,-10,46.90082645,85.33057851
44.55015127,1.646678068,-10,46.90082645,85.33057851
47.94372118,1.648124202,-10,46.90082645,85.33057851
47.44731612,1.631149826,-10,46.90082645,85.33057851
47.43948329,1.61983662,-10,46.90082645,85.33057851
47.43165047,1.608523415,-10,46.90082645,85.33057851
47.90651528,1.594386478,-10,46.90082645,85.33057851
47.89770335,1.581659122,-10,46.90082645,85.33057851
47.88693322,1.566103465,-10,46.90082645,85.33057851
47.39150726,1.550543239,-10,46.90082645,85.33057851
47.38465354,1.540644184,-10,46.90082645,85.33057851
47.37094611,1.520846075,-10,46.90082645,85.33057851
47.36507149,1.512361171,-10,46.90082645,85.33057851
47.8409154,1.499638385,-10,46.90082645,85.33057851
47.83308257,1.48832518,-10,46.90082645,85.33057851
47.82427065,1.475597824,-10,46.90082645,85.33057851
47.32982379,1.461451748,-10,46.90082645,85.33057851
47.8056677,1.448728962,-10,46.90082645,85.33057851
47.79783488,1.437415756,-10,46.90082645,85.33057851
47.79098116,1.427516702,-10,46.90082645,85.33057851
47.77629462,1.406304442,-10,46.90082645,85.33057851
47.78216923,1.414789346,-10,46.90082645,85.33057851
47.7684618,1.394991237,-10,46.90082645,85.33057851
47.75964987,1.382263881,-10,46.90082645,85.33057851
47.75181705,1.370950676,-10,46.90082645,85.33057851
47.74300513,1.35822332,-10,46.90082645,85.33057851
47.73517231,1.346910115,-10,46.90082645,85.33057851
47.72538128,1.332768609,-10,46.90082645,85.33057851
47.69209179,1.284687487,-10,46.90082645,85.33057851
47.68230076,1.27054598,-10,46.90082645,85.33057851
47.1878539,1.256399905,-10,46.90082645,85.33057851
47.66369781,1.243677118,-10,46.90082645,85.33057851
47.65488589,1.230949762,-10,46.90082645,85.33057851
47.64509486,1.216808256,-10,46.90082645,85.33057851
47.63922024,1.208323352,-10,46.90082645,85.33057851
47.63040832,1.195595996,-10,46.90082645,85.33057851
47.6245337,1.187111092,-10,46.90082645,85.33057851
47.61865909,1.178626188,-10,46.90082645,85.33057851
47.61180537,1.168727134,-10,46.90082645,85.33057851
47.12127492,1.160237661,-10,46.90082645,85.33057851
49.05304452,1.150356883,-10,46.90082645,85.33057851
51.47240725,1.144723126,-10,46.90082645,85.33057851
53.40515595,1.136256499,-10,46.90082645,85.33057851
57.28044438,1.133464751,-10,46.90082645,85.33057851
60.18250474,1.125007262,-10,46.90082645,85.33057851
63.08750241,1.120792225,-10,46.90082645,85.33057851
65.99054187,1.113748886,-10,46.90082645,85.33057851
68.89260223,1.105291397,-10,46.90082645,85.33057851
71.79466258,1.096833908,-10,46.90082645,85.33057851
74.21206711,1.08837185,-10,46.90082645,85.33057851
75.66113909,1.081314804,-10,46.90082645,85.33057851
79.04687617,1.071447734,-10,46.90082645,85.33057851
80.97668757,1.058738655,-10,46.90082645,85.33057851
82.91237357,1.054514479,-10,46.90082645,85.33057851
84.84022676,1.038977099,-10,46.90082645,85.33057851
86.29027784,1.033334204,-10,46.90082645,85.33057851
87.25371488,1.024858438,-10,46.90082645,85.33057851
88.21617282,1.014968522,-10,46.90082645,85.33057851
90.14696331,1.003673593,-10,46.90082645,85.33057851
0.488461096,1.656944444,0,25.41322314,86.57024793
2.973210175,1.659722222,0,25.41322314,86.57024793
5.457959254,1.6625,0,25.41322314,86.57024793
7.942708333,1.665277778,0,25.41322314,86.57024793
11.25474793,1.670833333,0,25.41322314,86.57024793
14.56750691,1.675,0,25.41322314,86.57024793
17.46662063,1.677777778,0,25.41322314,86.57024793
20.77866022,1.683333333,0,25.41322314,86.57024793
24.09213858,1.686111111,0,25.41322314,86.57024793
27.81854282,1.691666667,0,25.41322314,86.57024793
31.13202118,1.694444444,0,25.41322314,86.57024793
34.03041552,1.698611111,0,25.41322314,86.57024793
37.75753913,1.702777778,0,25.41322314,86.57024793
40.65665285,1.705555556,0,25.41322314,86.57024793
43.55576657,1.708333333,0,25.41322314,86.57024793
47.28289019,1.7125,0,25.41322314,86.57024793
51.01001381,1.716666667,0,25.41322314,86.57024793
54.73713743,1.720833333,0,25.41322314,86.57024793
58.04989641,1.725,0,25.41322314,86.57024793
62.19138467,1.729166667,0,25.41322314,86.57024793
65.08977901,1.733333333,0,25.41322314,86.57024793
69.23126727,1.7375,0,25.41322314,86.57024793
72.54402624,1.741666667,0,25.41322314,86.57024793
75.02877532,1.744444444,0,25.41322314,86.57024793
75.03309162,1.736111111,0,25.41322314,86.57024793
75.03956607,1.723611111,0,25.41322314,86.57024793
75.04532113,1.7125,0,25.41322314,86.57024793
75.0510762,1.701388889,0,25.41322314,86.57024793
75.05683126,1.690277778,0,25.41322314,86.57024793
75.06402509,1.676388889,0,25.41322314,86.57024793
75.06906077,1.666666667,0,25.41322314,86.57024793
75.07481584,1.655555556,0,25.41322314,86.57024793
75.0805709,1.644444444,0,25.41322314,86.57024793
75.08776473,1.630555556,0,25.41322314,86.57024793
75.09280041,1.620833333,0,25.41322314,86.57024793
75.10071363,1.605555556,0,25.41322314,86.57024793
75.10790746,1.591666667,0,25.41322314,86.57024793
75.11294314,1.581944444,0,25.41322314,86.57024793
75.1186982,1.570833333,0,25.41322314,86.57024793
75.12589203,1.556944444,0,25.41322314,86.57024793
75.13308587,1.543055556,0,25.41322314,86.57024793
75.13956031,1.530555556,0,25.41322314,86.57024793
75.14891229,1.5125,0,25.41322314,86.57024793
75.15610612,1.498611111,0,25.41322314,86.57024793
75.16329995,1.484722222,0,25.41322314,86.57024793
75.17049378,1.470833333,0,25.41322314,86.57024793
75.178407,1.455555556,0,25.41322314,86.57024793
75.18416206,1.444444444,0,25.41322314,86.57024793
75.18991713,1.433333333,0,25.41322314,86.57024793
75.19711096,1.419444444,0,25.41322314,86.57024793
75.20502417,1.404166667,0,25.41322314,86.57024793
75.21293738,1.388888889,0,25.41322314,86.57024793
75.21797307,1.379166667,0,25.41322314,86.57024793
75.22588628,1.363888889,0,25.41322314,86.57024793
75.23236073,1.351388889,0,25.41322314,86.57024793
75.23955456,1.3375,0,25.41322314,86.57024793
75.24674839,1.323611111,0,25.41322314,86.57024793
75.25250345,1.3125,0,25.41322314,86.57024793
75.26113605,1.295833333,0,25.41322314,86.57024793
75.2676105,1.283333333,0,25.41322314,86.57024793
75.27480433,1.269444444,0,25.41322314,86.57024793
75.28055939,1.258333333,0,25.41322314,86.57024793
76.11432436,1.248611111,0,25.41322314,86.57024793
77.77609922,1.240277778,0,25.41322314,86.57024793
81.09533264,1.231944444,0,25.41322314,86.57024793
84.41240792,1.227777778,0,25.41322314,86.57024793
87.73020258,1.222222222,0,25.41322314,86.57024793
91.04799724,1.216666667,0,25.41322314,86.57024793
94.36651128,1.209722222,0,25.41322314,86.57024793
98.09938996,1.202777778,0,25.41322314,86.57024793
102.2466333,1.195833333,0,25.41322314,86.57024793
105.1507827,1.188888889,0,25.41322314,86.57024793
109.2987454,1.180555556,0,25.41322314,86.57024793
113.4474275,1.170833333,0,25.41322314,86.57024793
117.1817449,1.161111111,0,25.41322314,86.57024793
124.237454,1.138888889,0,25.41322314,86.57024793
127.1437615,1.127777778,0,25.41322314,86.57024793
130.0500691,1.116666667,0,25.41322314,86.57024793
132.5427314,1.104166667,0,25.41322314,86.57024793
134.6203096,1.093055556,0,25.41322314,86.57024793
136.2835233,1.081944444,0,25.41322314,86.57024793
137.948895,1.066666667,0,25.41322314,86.57024793
139.2006215,1.05,0,25.41322314,86.57024793
140.4509093,1.036111111,0,25.41322314,86.57024793
141.2868324,1.022222222,0,25.41322314,86.57024793
142.1234749,1.006944444,0,25.41322314,86.57024793
0.546731123,1.544444444,10,13.2231405,87.19008264
3.442967311,1.552777778,10,13.2231405,87.19008264
6.339203499,1.561111111,10,13.2231405,87.19008264
9.649804328,1.569444444,10,13.2231405,87.19008264
12.96112454,1.576388889,10,13.2231405,87.19008264
16.27172537,1.584722222,10,13.2231405,87.19008264
20.8261395,1.591666667,10,13.2231405,87.19008264
26.20856354,1.6,10,13.2231405,87.19008264
29.93496777,1.605555556,10,13.2231405,87.19008264
33.66065262,1.6125,10,13.2231405,87.19008264
37.38705686,1.618055556,10,13.2231405,87.19008264
41.52782574,1.623611111,10,13.2231405,87.19008264
46.08295925,1.629166667,10,13.2231405,87.19008264
50.63737339,1.636111111,10,13.2231405,87.19008264
54.77814227,1.641666667,10,13.2231405,87.19008264
58.91891114,1.647222222,10,13.2231405,87.19008264
62.64459599,1.654166667,10,13.2231405,87.19008264
67.19901013,1.661111111,10,13.2231405,87.19008264
71.75414365,1.666666667,10,13.2231405,87.19008264
75.89419314,1.673611111,10,13.2231405,87.19008264
80.03496202,1.679166667,10,13.2231405,87.19008264
84.17573089,1.684722222,10,13.2231405,87.19008264
88.31578039,1.691666667,10,13.2231405,87.19008264
92.87019452,1.698611111,10,13.2231405,87.19008264
96.18151473,1.705555556,10,13.2231405,87.19008264
99.49139618,1.715277778,10,13.2231405,87.19008264
103.6314457,1.722222222,10,13.2231405,87.19008264
107.7714952,1.729166667,10,13.2231405,87.19008264
111.49718,1.736111111,10,13.2231405,87.19008264
114.8092196,1.741666667,10,13.2231405,87.19008264
114.8142553,1.731944444,10,13.2231405,87.19008264
114.8221685,1.716666667,10,13.2231405,87.19008264
114.828643,1.704166667,10,13.2231405,87.19008264
114.8336786,1.694444444,10,13.2231405,87.19008264
114.8394337,1.683333333,10,13.2231405,87.19008264
114.8451888,1.672222222,10,13.2231405,87.19008264
114.8509438,1.661111111,10,13.2231405,87.19008264
114.8566989,1.65,10,13.2231405,87.19008264
114.8638927,1.636111111,10,13.2231405,87.19008264
114.8703672,1.623611111,10,13.2231405,87.19008264
114.877561,1.609722222,10,13.2231405,87.19008264
114.8825967,1.6,10,13.2231405,87.19008264
114.8897905,1.586111111,10,13.2231405,87.19008264
114.8969843,1.572222222,10,13.2231405,87.19008264
114.9041782,1.558333333,10,13.2231405,87.19008264
114.9099332,1.547222222,10,13.2231405,87.19008264
114.9171271,1.533333333,10,13.2231405,87.19008264
114.9243209,1.519444444,10,13.2231405,87.19008264
114.930076,1.508333333,10,13.2231405,87.19008264
114.9365504,1.495833333,10,13.2231405,87.19008264
114.9423055,1.484722222,10,13.2231405,87.19008264
114.9487799,1.472222222,10,13.2231405,87.19008264
114.9552544,1.459722222,10,13.2231405,87.19008264
114.9617288,1.447222222,10,13.2231405,87.19008264
114.9689227,1.433333333,10,13.2231405,87.19008264
114.9753971,1.420833333,10,13.2231405,87.19008264
114.9825909,1.406944444,10,13.2231405,87.19008264
114.9890654,1.394444444,10,13.2231405,87.19008264
114.9948204,1.383333333,10,13.2231405,87.19008264
115.0027337,1.368055556,10,13.2231405,87.19008264
116.6659473,1.356944444,10,13.2231405,87.19008264
118.7413674,1.35,10,13.2231405,87.19008264
122.4742461,1.343055556,10,13.2231405,87.19008264
125.7927601,1.336111111,10,13.2231405,87.19008264
129.1112742,1.329166667,10,13.2231405,87.19008264
132.4290688,1.323611111,10,13.2231405,87.19008264
135.7475829,1.316666667,10,13.2231405,87.19008264
139.0660969,1.309722222,10,13.2231405,87.19008264
141.9716851,1.3,10,13.2231405,87.19008264
144.8772733,1.290277778,10,13.2231405,87.19008264
148.6094326,1.284722222,10,13.2231405,87.19008264
152.3423112,1.277777778,10,13.2231405,87.19008264
156.0751899,1.270833333,10,13.2231405,87.19008264
159.8080686,1.263888889,10,13.2231405,87.19008264
164.7847606,1.255555556,10,13.2231405,87.19008264
169.3478073,1.245833333,10,13.2231405,87.19008264
175.1553867,1.233333333,10,13.2231405,87.19008264
180.9622468,1.222222222,10,13.2231405,87.19008264
184.698003,1.209722222,10,13.2231405,87.19008264
187.1899459,1.198611111,10,13.2231405,87.19008264
189.6811694,1.188888889,10,13.2231405,87.19008264
193.8291321,1.180555556,10,13.2231405,87.19008264
196.321075,1.169444444,10,13.2231405,87.19008264
199.2288214,1.155555556,10,13.2231405,87.19008264
201.7229224,1.140277778,10,13.2231405,87.19008264
203.3890136,1.123611111,10,13.2231405,87.19008264
204.6393013,1.109722222,10,13.2231405,87.19008264
205.4737857,1.098611111,10,13.2231405,87.19008264
206.3104282,1.083333333,10,13.2231405,87.19008264
206.7334254,1.066666667,10,13.2231405,87.19008264
207.1564227,1.05,10,13.2231405,87.19008264
207.5772617,1.0375,10,13.2231405,87.19008264
208.0024171,1.016666667,10,13.2231405,87.19008264
-0.391304348,1.129315961,20,12.39669421,90.08264463
1.565217391,1.147557003,20,12.39669421,90.08264463
2.739130435,1.160586319,20,12.39669421,90.08264463
4.695652174,1.168403909,20,12.39669421,90.08264463
6.260869565,1.178827362,20,12.39669421,90.08264463
8.608695652,1.186644951,20,12.39669421,90.08264463
10.95652174,1.199674267,20,12.39669421,90.08264463
13.69565217,1.21009772,20,12.39669421,90.08264463
16.04347826,1.217915309,20,12.39669421,90.08264463
18,1.228338762,20,12.39669421,90.08264463
20.34782609,1.236156352,20,12.39669421,90.08264463
23.86956522,1.246579805,20,12.39669421,90.08264463
27,1.254397394,20,12.39669421,90.08264463
29.34782609,1.262214984,20,12.39669421,90.08264463
31.69565217,1.270032573,20,12.39669421,90.08264463
34.82608696,1.277850163,20,12.39669421,90.08264463
38.34782609,1.288273616,20,12.39669421,90.08264463
41.47826087,1.296091205,20,12.39669421,90.08264463
44.2173913,1.303908795,20,12.39669421,90.08264463
46.56521739,1.309120521,20,12.39669421,90.08264463
49.69565217,1.316938111,20,12.39669421,90.08264463
52.04347826,1.322149837,20,12.39669421,90.08264463
54.39130435,1.329967427,20,12.39669421,90.08264463
57.52173913,1.337785016,20,12.39669421,90.08264463
61.04347826,1.348208469,20,12.39669421,90.08264463
64.56521739,1.356026059,20,12.39669421,90.08264463
67.69565217,1.363843648,20,12.39669421,90.08264463
70.82608696,1.371661238,20,12.39669421,90.08264463
74.34782609,1.382084691,20,12.39669421,90.08264463
77.86956522,1.392508143,20,12.39669421,90.08264463
81,1.400325733,20,12.39669421,90.08264463
84.52173913,1.408143322,20,12.39669421,90.08264463
87.26086957,1.418566775,20,12.39669421,90.08264463
91.17391304,1.428990228,20,12.39669421,90.08264463
93.91304348,1.436807818,20,12.39669421,90.08264463
96.65217391,1.444625407,20,12.39669421,90.08264463
99.39130435,1.45504886,20,12.39669421,90.08264463
102.9130435,1.465472313,20,12.39669421,90.08264463
106.0434783,1.475895765,20,12.39669421,90.08264463
108.7826087,1.486319218,20,12.39669421,90.08264463
112.3043478,1.499348534,20,12.39669421,90.08264463
115.0434783,1.51237785,20,12.39669421,90.08264463
118.173913,1.525407166,20,12.39669421,90.08264463
120.5217391,1.535830619,20,12.39669421,90.08264463
122.8695652,1.546254072,20,12.39669421,90.08264463
124.826087,1.554071661,20,12.39669421,90.08264463
127.173913,1.56970684,20,12.39669421,90.08264463
128.7391304,1.580130293,20,12.39669421,90.08264463
129.9130435,1.58534202,20,12.39669421,90.08264463
129.9130435,1.572312704,20,12.39669421,90.08264463
129.5217391,1.559283388,20,12.39669421,90.08264463
129.5217391,1.546254072,20,12.39669421,90.08264463
129.5217391,1.533224756,20,12.39669421,90.08264463
129.5217391,1.52019544,20,12.39669421,90.08264463
129.5217391,1.504560261,20,12.39669421,90.08264463
129.5217391,1.491530945,20,12.39669421,90.08264463
129.5217391,1.478501629,20,12.39669421,90.08264463
129.5217391,1.46286645,20,12.39669421,90.08264463
129.5217391,1.452442997,20,12.39669421,90.08264463
129.5217391,1.436807818,20,12.39669421,90.08264463
129.5217391,1.423778502,20,12.39669421,90.08264463
129.5217391,1.410749186,20,12.39669421,90.08264463
129.5217391,1.400325733,20,12.39669421,90.08264463
129.5217391,1.38990228,20,12.39669421,90.08264463
129.5217391,1.376872964,20,12.39669421,90.08264463
129.5217391,1.371661238,20,12.39669421,90.08264463
129.5217391,1.358631922,20,12.39669421,90.08264463
129.5217391,1.342996743,20,12.39669421,90.08264463
129.5217391,1.33257329,20,12.39669421,90.08264463
129.5217391,1.319543974,20,12.39669421,90.08264463
129.5217391,1.303908795,20,12.39669421,90.08264463
129.5217391,1.290879479,20,12.39669421,90.08264463
129.5217391,1.272638436,20,12.39669421,90.08264463
129.5217391,1.259609121,20,12.39669421,90.08264463
129.5217391,1.243973941,20,12.39669421,90.08264463
129.5217391,1.230944625,20,12.39669421,90.08264463
129.5217391,1.223127036,20,12.39669421,90.08264463
129.5217391,1.14495114,20,12.39669421,90.08264463
129.5217391,1.134527687,20,12.39669421,90.08264463
129.5217391,1.121498371,20,12.39669421,90.08264463
129.5217391,1.111074919,20,12.39669421,90.08264463
129.9130435,1.027687296,20,12.39669421,90.08264463
129.9130435,1.019869707,20,12.39669421,90.08264463
129.9130435,1.009446254,20,12.39669421,90.08264463
129.9130435,0.999022801,20,12.39669421,90.08264463
129.9130435,0.988599349,20,12.39669421,90.08264463
129.5217391,0.975570033,20,12.39669421,90.08264463
129.5217391,0.959934853,20,12.39669421,90.08264463
129.9130435,0.949511401,20,12.39669421,90.08264463
129.9130435,0.939087948,20,12.39669421,90.08264463
129.9130435,0.926058632,20,12.39669421,90.08264463
129.5217391,0.910423453,20,12.39669421,90.08264463
129.5217391,0.894788274,20,12.39669421,90.08264463
130.6956522,0.879153094,20,12.39669421,90.08264463
132.2608696,0.866123779,20,12.39669421,90.08264463
134.2173913,0.855700326,20,12.39669421,90.08264463
136.173913,0.845276873,20,12.39669421,90.08264463
138.9130435,0.83485342,20,12.39669421,90.08264463
141.6521739,0.824429967,20,12.39669421,90.08264463
144,0.808794788,20,12.39669421,90.08264463
146.7391304,0.800977199,20,12.39669421,90.08264463
149.0869565,0.787947883,20,12.39669421,90.08264463
151.4347826,0.780130293,20,12.39669421,90.08264463
154.173913,0.76970684,20,12.39669421,90.08264463
156.9130435,0.759283388,20,12.39669421,90.08264463
160.4347826,0.748859935,20,12.39669421,90.08264463
163.173913,0.738436482,20,12.39669421,90.08264463
165.1304348,0.730618893,20,12.39669421,90.08264463
167.4782609,0.72019544,20,12.39669421,90.08264463
170.6086957,0.707166124,20,12.39669421,90.08264463
173.3478261,0.699348534,20,12.39669421,90.08264463
176.4782609,0.688925081,20,12.39669421,90.08264463
179.6086957,0.681107492,20,12.39669421,90.08264463
181.173913,0.670684039,20,12.39669421,90.08264463
185.0869565,0.660260586,20,12.39669421,90.08264463
187.4347826,0.64723127,20,12.39669421,90.08264463
189.7826087,0.642019544,20,12.39669421,90.08264463
192.9130435,0.626384365,20,12.39669421,90.08264463
195.2608696,0.618566775,20,12.39669421,90.08264463
198,0.605537459,20,12.39669421,90.08264463
201.1304348,0.59771987,20,12.39669421,90.08264463
203.0869565,0.582084691,20,12.39669421,90.08264463
205.826087,0.571661238,20,12.39669421,90.08264463
208.173913,0.558631922,20,12.39669421,90.08264463
209.7391304,0.553420195,20,12.39669421,90.08264463
212.0869565,0.537785016,20,12.39669421,90.08264463
214.4347826,0.522149837,20,12.39669421,90.08264463
217.173913,0.503908795,20,12.39669421,90.08264463
219.5217391,0.485667752,20,12.39669421,90.08264463
221.4782609,0.472638436,20,12.39669421,90.08264463
222.2608696,0.457003257,20,12.39669421,90.08264463
223.826087,0.441368078,20,12.39669421,90.08264463
225,0.425732899,20,12.39669421,90.08264463
225.7826087,0.41009772,20,12.39669421,90.08264463
226.5652174,0.391856678,20,12.39669421,90.08264463
227.7391304,0.376221498,20,12.39669421,90.08264463
228.1304348,0.355374593,20,12.39669421,90.08264463
228.5217391,0.334527687,20,12.39669421,90.08264463
229.3043478,0.313680782,20,12.39669421,90.08264463
229.6956522,0.292833876,20,12.39669421,90.08264463
229.6956522,0.27980456,20,12.39669421,90.08264463
230.0869565,0.261563518,20,12.39669421,90.08264463
230.0869565,0.245928339,20,12.39669421,90.08264463
230.4782609,0.225081433,20,12.39669421,90.08264463
230.4782609,0.209446254,20,12.39669421,90.08264463
230.4782609,0.191205212,20,12.39669421,90.08264463
230.4782609,0.172964169,20,12.39669421,90.08264463
230.4782609,0.152117264,20,12.39669421,90.08264463
231.2608696,0.136482085,20,12.39669421,90.08264463
230.8695652,0.128664495,20,12.39669421,90.08264463
230.8695652,0.118241042,20,12.39669421,90.08264463
0.167616252,1.476388889,30,11.15702479,92.3553719
3.06385244,1.484722222,30,11.15702479,92.3553719
6.374453269,1.493055556,30,11.15702479,92.3553719
9.685054098,1.501388889,30,11.15702479,92.3553719
13.41001957,1.509722222,30,11.15702479,92.3553719
17.55006906,1.516666667,30,11.15702479,92.3553719
21.69011855,1.523611111,30,11.15702479,92.3553719
25.41580341,1.530555556,30,11.15702479,92.3553719
29.14220764,1.536111111,30,11.15702479,92.3553719
32.86717311,1.544444444,30,11.15702479,92.3553719
37.83667127,1.55,30,11.15702479,92.3553719
42.80473066,1.558333333,30,11.15702479,92.3553719
47.77350944,1.565277778,30,11.15702479,92.3553719
52.74228821,1.572222222,30,11.15702479,92.3553719
57.71106699,1.579166667,30,11.15702479,92.3553719
63.92150092,1.588888889,30,11.15702479,92.3553719
68.8902797,1.595833333,30,11.15702479,92.3553719
74.27270373,1.604166667,30,11.15702479,92.3553719
80.89678292,1.615277778,30,11.15702479,92.3553719
86.27848757,1.625,30,11.15702479,92.3553719
91.6609116,1.633333333,30,11.15702479,92.3553719
97.04189687,1.644444444,30,11.15702479,92.3553719
102.0099563,1.652777778,30,11.15702479,92.3553719
106.563651,1.661111111,30,11.15702479,92.3553719
112.3597203,1.670833333,30,11.15702479,92.3553719
117.3263409,1.681944444,30,11.15702479,92.3553719
122.7066068,1.694444444,30,11.15702479,92.3553719
126.8452175,1.704166667,30,11.15702479,92.3553719
131.8103994,1.718055556,30,11.15702479,92.3553719
135.1195615,1.729166667,30,11.15702479,92.3553719
138.8416494,1.743055556,30,11.15702479,92.3553719
139.2632079,1.729166667,30,11.15702479,92.3553719
138.8553177,1.716666667,30,11.15702479,92.3553719
138.8617921,1.704166667,30,11.15702479,92.3553719
138.8675472,1.693055556,30,11.15702479,92.3553719
138.8733023,1.681944444,30,11.15702479,92.3553719
138.8804961,1.668055556,30,11.15702479,92.3553719
138.8869705,1.655555556,30,11.15702479,92.3553719
138.8927256,1.644444444,30,11.15702479,92.3553719
138.8977613,1.634722222,30,11.15702479,92.3553719
138.9035163,1.623611111,30,11.15702479,92.3553719
138.9099908,1.611111111,30,11.15702479,92.3553719
138.9215009,1.588888889,30,11.15702479,92.3553719
138.9157459,1.6,30,11.15702479,92.3553719
138.927256,1.577777778,30,11.15702479,92.3553719
138.933011,1.566666667,30,11.15702479,92.3553719
138.9387661,1.555555556,30,11.15702479,92.3553719
138.9445212,1.544444444,30,11.15702479,92.3553719
138.9509956,1.531944444,30,11.15702479,92.3553719
138.9589088,1.516666667,30,11.15702479,92.3553719
138.9646639,1.505555556,30,11.15702479,92.3553719
138.970419,1.494444444,30,11.15702479,92.3553719
138.9776128,1.480555556,30,11.15702479,92.3553719
138.9840872,1.468055556,30,11.15702479,92.3553719
138.9912811,1.454166667,30,11.15702479,92.3553719
138.9991943,1.438888889,30,11.15702479,92.3553719
139.0049494,1.427777778,30,11.15702479,92.3553719
139.0121432,1.413888889,30,11.15702479,92.3553719
140.6746374,1.404166667,30,11.15702479,92.3553719
143.1651416,1.395833333,30,11.15702479,92.3553719
145.6578039,1.383333333,30,11.15702479,92.3553719
148.1468692,1.377777778,30,11.15702479,92.3553719
151.8819061,1.366666667,30,11.15702479,92.3553719
155.6169429,1.355555556,30,11.15702479,92.3553719
160.1814284,1.343055556,30,11.15702479,92.3553719
164.3301105,1.333333333,30,11.15702479,92.3553719
168.8938766,1.322222222,30,11.15702479,92.3553719
173.0418393,1.313888889,30,11.15702479,92.3553719
177.189802,1.305555556,30,11.15702479,92.3553719
181.3377647,1.297222222,30,11.15702479,92.3553719
184.2426335,1.288888889,30,11.15702479,92.3553719
187.9755122,1.281944444,30,11.15702479,92.3553719
192.1227555,1.275,30,11.15702479,92.3553719
196.272157,1.263888889,30,11.15702479,92.3553719
200.8344843,1.255555556,30,11.15702479,92.3553719
205.3989698,1.243055556,30,11.15702479,92.3553719
209.9620166,1.233333333,30,11.15702479,92.3553719
215.3573895,1.216666667,30,11.15702479,92.3553719
219.921875,1.204166667,30,11.15702479,92.3553719
224.0734346,1.188888889,30,11.15702479,92.3553719
227.8099102,1.175,30,11.15702479,92.3553719
230.3047307,1.158333333,30,11.15702479,92.3553719
231.9701024,1.143055556,30,11.15702479,92.3553719
233.6354742,1.127777778,30,11.15702479,92.3553719
234.8872007,1.111111111,30,11.15702479,92.3553719
235.7231238,1.097222222,30,11.15702479,92.3553719
236.1475599,1.077777778,30,11.15702479,92.3553719
236.9849217,1.061111111,30,11.15702479,92.3553719
236.9942737,1.043055556,30,11.15702479,92.3553719
237.4179903,1.025,30,11.15702479,92.3553719
237.4273423,1.006944444,30,11.15702479,92.3553719
-0.391304348,0.983387622,40,7.231404959,93.80165289
0.391304348,0.993811075,40,7.231404959,93.80165289
1.173913043,1.004234528,40,7.231404959,93.80165289
2.347826087,1.01465798,40,7.231404959,93.80165289
3.913043478,1.025081433,40,7.231404959,93.80165289
5.086956522,1.035504886,40,7.231404959,93.80165289
6.652173913,1.045928339,40,7.231404959,93.80165289
8.608695652,1.056351792,40,7.231404959,93.80165289
10.17391304,1.066775244,40,7.231404959,93.80165289
11.73913043,1.074592834,40,7.231404959,93.80165289
14.08695652,1.085016287,40,7.231404959,93.80165289
16.04347826,1.098045603,40,7.231404959,93.80165289
18.39130435,1.105863192,40,7.231404959,93.80165289
20.73913043,1.113680782,40,7.231404959,93.80165289
23.08695652,1.124104235,40,7.231404959,93.80165289
25.43478261,1.134527687,40,7.231404959,93.80165289
27.7826087,1.142345277,40,7.231404959,93.80165289
30.13043478,1.150162866,40,7.231404959,93.80165289
32.86956522,1.157980456,40,7.231404959,93.80165289
35.2173913,1.165798046,40,7.231404959,93.80165289
37.56521739,1.173615635,40,7.231404959,93.80165289
39.91304348,1.181433225,40,7.231404959,93.80165289
42.65217391,1.189250814,40,7.231404959,93.80165289
45.39130435,1.197068404,40,7.231404959,93.80165289
47.34782609,1.204885993,40,7.231404959,93.80165289
49.30434783,1.207491857,40,7.231404959,93.80165289
51.26086957,1.212703583,40,7.231404959,93.80165289
52.82608696,1.217915309,40,7.231404959,93.80165289
54.7826087,1.223127036,40,7.231404959,93.80165289
57.13043478,1.230944625,40,7.231404959,93.80165289
59.86956522,1.236156352,40,7.231404959,93.80165289
62.2173913,1.243973941,40,7.231404959,93.80165289
64.95652174,1.249185668,40,7.231404959,93.80165289
67.69565217,1.257003257,40,7.231404959,93.80165289
71.2173913,1.26742671,40,7.231404959,93.80165289
74.34782609,1.2752443,40,7.231404959,93.80165289
76.69565217,1.280456026,40,7.231404959,93.80165289
79.82608696,1.290879479,40,7.231404959,93.80165289
83.34782609,1.298697068,40,7.231404959,93.80165289
86.08695652,1.306514658,40,7.231404959,93.80165289
88.82608696,1.314332248,40,7.231404959,93.80165289
91.95652174,1.319543974,40,7.231404959,93.80165289
94.30434783,1.327361564,40,7.231404959,93.80165289
97.82608696,1.335179153,40,7.231404959,93.80165289
100.5652174,1.345602606,40,7.231404959,93.80165289
103.6956522,1.353420195,40,7.231404959,93.80165289
106.0434783,1.361237785,40,7.231404959,93.80165289
108.7826087,1.369055375,40,7.231404959,93.80165289
111.5217391,1.379478827,40,7.231404959,93.80165289
114.6521739,1.387296417,40,7.231404959,93.80165289
117.3913043,1.39771987,40,7.231404959,93.80165289
120.5217391,1.408143322,40,7.231404959,93.80165289
123.2608696,1.418566775,40,7.231404959,93.80165289
126,1.428990228,40,7.231404959,93.80165289
128.7391304,1.442019544,40,7.231404959,93.80165289
131.4782609,1.45504886,40,7.231404959,93.80165289
134.2173913,1.468078176,40,7.231404959,93.80165289
136.5652174,1.481107492,40,7.231404959,93.80165289
139.3043478,1.501954397,40,7.231404959,93.80165289
142.0434783,1.52019544,40,7.231404959,93.80165289
143.6086957,1.538436482,40,7.231404959,93.80165289
145.173913,1.551465798,40,7.231404959,93.80165289
146.3478261,1.567100977,40,7.231404959,93.80165289
147.1304348,1.58534202,40,7.231404959,93.80165289
147.1304348,1.572312704,40,7.231404959,93.80165289
147.1304348,1.559283388,40,7.231404959,93.80165289
147.1304348,1.546254072,40,7.231404959,93.80165289
147.1304348,1.533224756,40,7.231404959,93.80165289
147.1304348,1.514983713,40,7.231404959,93.80165289
147.1304348,1.501954397,40,7.231404959,93.80165289
147.1304348,1.486319218,40,7.231404959,93.80165289
147.1304348,1.470684039,40,7.231404959,93.80165289
147.1304348,1.45504886,40,7.231404959,93.80165289
147.1304348,1.439413681,40,7.231404959,93.80165289
147.1304348,1.418566775,40,7.231404959,93.80165289
147.1304348,1.39771987,40,7.231404959,93.80165289
147.1304348,1.384690554,40,7.231404959,93.80165289
147.1304348,1.371661238,40,7.231404959,93.80165289
147.1304348,1.350814332,40,7.231404959,93.80165289
147.1304348,1.335179153,40,7.231404959,93.80165289
147.1304348,1.322149837,40,7.231404959,93.80165289
147.5217391,1.142345277,40,7.231404959,93.80165289
147.5217391,1.129315961,40,7.231404959,93.80165289
147.5217391,1.116286645,40,7.231404959,93.80165289
147.5217391,1.105863192,40,7.231404959,93.80165289
147.5217391,1.095439739,40,7.231404959,93.80165289
147.5217391,1.082410423,40,7.231404959,93.80165289
147.5217391,1.069381107,40,7.231404959,93.80165289
147.5217391,1.056351792,40,7.231404959,93.80165289
147.5217391,1.043322476,40,7.231404959,93.80165289
147.5217391,1.019869707,40,7.231404959,93.80165289
147.5217391,1.012052117,40,7.231404959,93.80165289
147.5217391,1.001628664,40,7.231404959,93.80165289
147.5217391,0.991205212,40,7.231404959,93.80165289
147.1304348,0.978175896,40,7.231404959,93.80165289
147.9130435,0.970358306,40,7.231404959,93.80165289
148.6956522,0.95732899,40,7.231404959,93.80165289
149.8695652,0.944299674,40,7.231404959,93.80165289
151.0434783,0.931270358,40,7.231404959,93.80165289
152.6086957,0.918241042,40,7.231404959,93.80165289
154.173913,0.902605863,40,7.231404959,93.80165289
156.9130435,0.886970684,40,7.231404959,93.80165289
159.2608696,0.868729642,40,7.231404959,93.80165289
162,0.858306189,40,7.231404959,93.80165289
163.9565217,0.847882736,40,7.231404959,93.80165289
166.3043478,0.83485342,40,7.231404959,93.80165289
168.2608696,0.827035831,40,7.231404959,93.80165289
171.3913043,0.816612378,40,7.231404959,93.80165289
174.1304348,0.803583062,40,7.231404959,93.80165289
176.8695652,0.793159609,40,7.231404959,93.80165289
179.6086957,0.782736156,40,7.231404959,93.80165289
181.5652174,0.772312704,40,7.231404959,93.80165289
183.5217391,0.767100977,40,7.231404959,93.80165289
185.4782609,0.759283388,40,7.231404959,93.80165289
188.6086957,0.743648208,40,7.231404959,93.80165289
191.3478261,0.735830619,40,7.231404959,93.80165289
194.0869565,0.725407166,40,7.231404959,93.80165289
197.6086957,0.71237785,40,7.231404959,93.80165289
199.5652174,0.704560261,40,7.231404959,93.80165289
201.9130435,0.696742671,40,7.231404959,93.80165289
204.2608696,0.691530945,40,7.231404959,93.80165289
206.6086957,0.681107492,40,7.231404959,93.80165289
208.9565217,0.670684039,40,7.231404959,93.80165289
211.3043478,0.660260586,40,7.231404959,93.80165289
214.4347826,0.652442997,40,7.231404959,93.80165289
217.5652174,0.639413681,40,7.231404959,93.80165289
220.3043478,0.626384365,40,7.231404959,93.80165289
223.0434783,0.615960912,40,7.231404959,93.80165289
226.173913,0.600325733,40,7.231404959,93.80165289
228.5217391,0.58990228,40,7.231404959,93.80165289
230.4782609,0.582084691,40,7.231404959,93.80165289
232.4347826,0.566449511,40,7.231404959,93.80165289
235.173913,0.556026059,40,7.231404959,93.80165289
237.1304348,0.540390879,40,7.231404959,93.80165289
239.0869565,0.529967427,40,7.231404959,93.80165289
241.4347826,0.511726384,40,7.231404959,93.80165289
243.3913043,0.490879479,40,7.231404959,93.80165289
245.7391304,0.46742671,40,7.231404959,93.80165289
247.3043478,0.446579805,40,7.231404959,93.80165289
248.4782609,0.425732899,40,7.231404959,93.80165289
250.0434783,0.399674267,40,7.231404959,93.80165289
250.4347826,0.381433225,40,7.231404959,93.80165289
250.826087,0.363192182,40,7.231404959,93.80165289
251.6086957,0.342345277,40,7.231404959,93.80165289
251.2173913,0.347557003,40,7.231404959,93.80165289
251.6086957,0.326710098,40,7.231404959,93.80165289
252,0.308469055,40,7.231404959,93.80165289
252.3913043,0.290228013,40,7.231404959,93.80165289
252.3913043,0.271986971,40,7.231404959,93.80165289
252.3913043,0.256351792,40,7.231404959,93.80165289
252.7826087,0.240716612,40,7.231404959,93.80165289
252,0.225081433,40,7.231404959,93.80165289
252.3913043,0.212052117,40,7.231404959,93.80165289
253.173913,0.196416938,40,7.231404959,93.80165289
253.173913,0.180781759,40,7.231404959,93.80165289
253.173913,0.172964169,40,7.231404959,93.80165289
253.173913,0.16514658,40,7.231404959,93.80165289
-0.391304348,0.941693811,50,5.785123967,94.4214876
1.565217391,0.954723127,50,5.785123967,94.4214876
4.695652174,0.972964169,50,5.785123967,94.4214876
7.043478261,0.985993485,50,5.785123967,94.4214876
9.391304348,1.001628664,50,5.785123967,94.4214876
12.13043478,1.009446254,50,5.785123967,94.4214876
15.26086957,1.025081433,50,5.785123967,94.4214876
18,1.038110749,50,5.785123967,94.4214876
21.13043478,1.048534202,50,5.785123967,94.4214876
23.86956522,1.056351792,50,5.785123967,94.4214876
26.2173913,1.064169381,50,5.785123967,94.4214876
28.56521739,1.071986971,50,5.785123967,94.4214876
30.91304348,1.07980456,50,5.785123967,94.4214876
33.26086957,1.08762215,50,5.785123967,94.4214876
36,1.095439739,50,5.785123967,94.4214876
38.34782609,1.103257329,50,5.785123967,94.4214876
40.30434783,1.111074919,50,5.785123967,94.4214876
42.65217391,1.118892508,50,5.785123967,94.4214876
45,1.124104235,50,5.785123967,94.4214876
47.34782609,1.129315961,50,5.785123967,94.4214876
49.30434783,1.13713355,50,5.785123967,94.4214876
51.65217391,1.142345277,50,5.785123967,94.4214876
54.39130435,1.150162866,50,5.785123967,94.4214876
56.34782609,1.157980456,50,5.785123967,94.4214876
58.69565217,1.163192182,50,5.785123967,94.4214876
60.65217391,1.168403909,50,5.785123967,94.4214876
63,1.173615635,50,5.785123967,94.4214876
64.95652174,1.181433225,50,5.785123967,94.4214876
66.91304348,1.184039088,50,5.785123967,94.4214876
68.86956522,1.189250814,50,5.785123967,94.4214876
70.82608696,1.197068404,50,5.785123967,94.4214876
73.56521739,1.20228013,50,5.785123967,94.4214876
76.30434783,1.21009772,50,5.785123967,94.4214876
78.65217391,1.215309446,50,5.785123967,94.4214876
81,1.220521173,50,5.785123967,94.4214876
83.34782609,1.225732899,50,5.785123967,94.4214876
85.69565217,1.230944625,50,5.785123967,94.4214876
88.04347826,1.236156352,50,5.785123967,94.4214876
90.39130435,1.243973941,50,5.785123967,94.4214876
92.34782609,1.249185668,50,5.785123967,94.4214876
95.08695652,1.257003257,50,5.785123967,94.4214876
97.43478261,1.259609121,50,5.785123967,94.4214876
99.39130435,1.26742671,50,5.785123967,94.4214876
101.7391304,1.272638436,50,5.785123967,94.4214876
103.6956522,1.280456026,50,5.785123967,94.4214876
106.4347826,1.285667752,50,5.785123967,94.4214876
108.3913043,1.290879479,50,5.785123967,94.4214876
110.7391304,1.296091205,50,5.785123967,94.4214876
113.8695652,1.303908795,50,5.785123967,94.4214876
116.2173913,1.311726384,50,5.785123967,94.4214876
118.5652174,1.316938111,50,5.785123967,94.4214876
120.1304348,1.3247557,50,5.785123967,94.4214876
122.4782609,1.327361564,50,5.785123967,94.4214876
124.826087,1.335179153,50,5.785123967,94.4214876
127.5652174,1.340390879,50,5.785123967,94.4214876
129.9130435,1.348208469,50,5.785123967,94.4214876
132.2608696,1.353420195,50,5.785123967,94.4214876
134.6086957,1.361237785,50,5.785123967,94.4214876
136.5652174,1.369055375,50,5.785123967,94.4214876
138.9130435,1.374267101,50,5.785123967,94.4214876
141.2608696,1.384690554,50,5.785123967,94.4214876
144,1.392508143,50,5.785123967,94.4214876
146.7391304,1.402931596,50,5.785123967,94.4214876
149.4782609,1.410749186,50,5.785123967,94.4214876
151.4347826,1.418566775,50,5.785123967,94.4214876
153.7826087,1.428990228,50,5.785123967,94.4214876
155.7391304,1.434201954,50,5.785123967,94.4214876
157.6956522,1.444625407,50,5.785123967,94.4214876
159.6521739,1.45504886,50,5.785123967,94.4214876
162.3913043,1.465472313,50,5.785123967,94.4214876
164.3478261,1.478501629,50,5.785123967,94.4214876
165.9130435,1.488925081,50,5.785123967,94.4214876
167.8695652,1.501954397,50,5.785123967,94.4214876
169.4347826,1.51237785,50,5.785123967,94.4214876
171,1.525407166,50,5.785123967,94.4214876
172.5652174,1.538436482,50,5.785123967,94.4214876
174.1304348,1.554071661,50,5.785123967,94.4214876
174.9130435,1.567100977,50,5.785123967,94.4214876
176.0869565,1.57752443,50,5.785123967,94.4214876
176.0869565,1.58534202,50,5.785123967,94.4214876
176.4782609,1.572312704,50,5.785123967,94.4214876
176.0869565,1.561889251,50,5.785123967,94.4214876
176.0869565,1.551465798,50,5.785123967,94.4214876
176.0869565,1.538436482,50,5.785123967,94.4214876
176.0869565,1.528013029,50,5.785123967,94.4214876
277.4347826,0.146905537,50,5.785123967,94.4214876
277.4347826,0.162540717,50,5.785123967,94.4214876
277.4347826,0.188599349,50,5.785123967,94.4214876
277.4347826,0.212052117,50,5.785123967,94.4214876
277.0434783,0.240716612,50,5.785123967,94.4214876
277.0434783,0.271986971,50,5.785123967,94.4214876
276.2608696,0.295439739,50,5.785123967,94.4214876
275.4782609,0.318892508,50,5.785123967,94.4214876
275.0869565,0.339739414,50,5.785123967,94.4214876
273.9130435,0.363192182,50,5.785123967,94.4214876
273.1304348,0.386644951,50,5.785123967,94.4214876
270.3913043,0.425732899,50,5.785123967,94.4214876
267.2608696,0.462214984,50,5.785123967,94.4214876
263.7391304,0.490879479,50,5.785123967,94.4214876
261.3913043,0.506514658,50,5.785123967,94.4214876
258.6521739,0.527361564,50,5.785123967,94.4214876
254.3478261,0.545602606,50,5.785123967,94.4214876
250.826087,0.571661238,50,5.785123967,94.4214876
247.3043478,0.584690554,50,5.785123967,94.4214876
244.9565217,0.59771987,50,5.785123967,94.4214876
241.826087,0.613355049,50,5.785123967,94.4214876
237.1304348,0.634201954,50,5.785123967,94.4214876
234,0.64723127,50,5.785123967,94.4214876
230.4782609,0.66286645,50,5.785123967,94.4214876
226.173913,0.681107492,50,5.785123967,94.4214876
222.2608696,0.696742671,50,5.785123967,94.4214876
219.5217391,0.71237785,50,5.785123967,94.4214876
215.6086957,0.728013029,50,5.785123967,94.4214876
213.2608696,0.741042345,50,5.785123967,94.4214876
208.9565217,0.759283388,50,5.785123967,94.4214876
205.0434783,0.77752443,50,5.785123967,94.4214876
201.1304348,0.798371336,50,5.785123967,94.4214876
198,0.816612378,50,5.785123967,94.4214876
194.0869565,0.83485342,50,5.785123967,94.4214876
190.9565217,0.855700326,50,5.785123967,94.4214876
186.2608696,0.886970684,50,5.785123967,94.4214876
182.3478261,0.918241042,50,5.785123967,94.4214876
181.5652174,0.936482085,50,5.785123967,94.4214876
180.3913043,0.941693811,50,5.785123967,94.4214876
179.2173913,0.959934853,50,5.785123967,94.4214876
177.2608696,0.980781759,50,5.785123967,94.4214876
176.4782609,0.993811075,50,5.785123967,94.4214876
176.4782609,1.02247557,50,5.785123967,94.4214876
176.4782609,1.045928339,50,5.785123967,94.4214876
176.4782609,1.061563518,50,5.785123967,94.4214876
176.4782609,1.092833876,50,5.785123967,94.4214876
176.4782609,1.100651466,50,5.785123967,94.4214876
176.4782609,1.111074919,50,5.785123967,94.4214876
176.4782609,1.163192182,50,5.785123967,94.4214876
176.4782609,1.134527687,50,5.785123967,94.4214876
176.4782609,1.181433225,50,5.785123967,94.4214876
176.4782609,1.199674267,50,5.785123967,94.4214876
176.4782609,1.21009772,50,5.785123967,94.4214876
176.4782609,1.220521173,50,5.785123967,94.4214876
176.4782609,1.236156352,50,5.785123967,94.4214876
176.4782609,1.270032573,50,5.785123967,94.4214876
176.4782609,1.259609121,50,5.785123967,94.4214876
176.4782609,1.283061889,50,5.785123967,94.4214876
176.4782609,1.369055375,50,5.785123967,94.4214876
176.0869565,1.387296417,50,5.785123967,94.4214876
176.4782609,1.400325733,50,5.785123967,94.4214876
176.4782609,1.421172638,50,5.785123967,94.4214876
176.4782609,1.442019544,50,5.785123967,94.4214876
176.4782609,1.468078176,50,5.785123967,94.4214876
176.4782609,1.481107492,50,5.785123967,94.4214876
176.4782609,1.499348534,50,5.785123967,94.4214876
176.0869565,1.51237785,50,5.785123967,94.4214876
176.0869565,1.52019544,50,5.785123967,94.4214876